qnum,Question,Responses,Total,Male,Female,High School or less,Some college,College graduate,"Under $25,000","$25-49,999","$50-74,999","$75-99,999","$100-149,999","Over $150,000",White,Black,Other race,18-29,30-44,45-64,65+,Liberal,Moderate,Conservative,Republican,Democrat,Independent
0,"If the election for mayor were being held today, and the candidates were [read candidate names], for whom would you vote? ",Antonio Brown,29.20972364,17,13,21,3,6,6,3,2,2,13,2,12,12,5,14,11,3,1,16,5,1,4,24,0
0,,,0.034690883,0.044619423,0.028077754,0.088983051,0.01744186,0.013824885,0.068965517,0.033707865,0.017241379,0.02173913,0.12037037,0.008368201,0.027777778,0.034285714,0.081967213,0.092715232,0.037671233,0.013392857,0.006802721,0.039900249,0.021186441,0.00621118,0.039215686,0.0384,0
0,,Andre Dickens,43.78596345,22,22,5,8,31,0,2,6,5,5,16,17,20,6,10,15,13,3,23,14,6,1,35,7
0,,,0.052002332,0.057742782,0.047516199,0.021186441,0.046511628,0.071428571,0,0.02247191,0.051724138,0.054347826,0.046296296,0.066945607,0.039351852,0.057142857,0.098360656,0.066225166,0.051369863,0.058035714,0.020408163,0.057356608,0.059322034,0.037267081,0.009803922,0.056,0.084337349
0,,Sharon Gay,47.82294697,26,22,5,4,39,0,11,3,4,5,19,35,11,2,0,15,20,13,25,13,10,11,29,5
0,,,0.056796849,0.06824147,0.047516199,0.021186441,0.023255814,0.089861751,0,0.123595506,0.025862069,0.043478261,0.046296296,0.079497908,0.081018519,0.031428571,0.032786885,0,0.051369863,0.089285714,0.088435374,0.06234414,0.055084746,0.062111801,0.107843137,0.0464,0.060240964
0,,Felicia Moore,171.3971451,69,102,37,24,109,18,11,19,20,27,61,112,53,7,26,49,56,36,80,58,30,30,115,24
0,,,0.203559555,0.181102362,0.220302376,0.156779661,0.139534884,0.251152074,0.206896552,0.123595506,0.163793103,0.217391304,0.25,0.255230126,0.259259259,0.151428571,0.114754098,0.17218543,0.167808219,0.25,0.244897959,0.199501247,0.245762712,0.186335404,0.294117647,0.184,0.289156627
0,,Kasim Reed,197.8610729,98,100,93,41,64,43,27,29,20,21,41,60,126,12,30,78,52,29,65,61,57,20,160,9
0,,,0.234989398,0.257217848,0.215982721,0.394067797,0.238372093,0.147465438,0.494252874,0.303370787,0.25,0.217391304,0.194444444,0.171548117,0.138888889,0.36,0.196721311,0.198675497,0.267123288,0.232142857,0.197278912,0.162094763,0.258474576,0.354037267,0.196078431,0.256,0.108433735
0,,Kirsten Dunn,0.237193053,0,0,0,0,0,0,0,0,0,0,0,0,0,0,0,0,0,0,0,0,0,0,0,0
0,,,0.000281702,0,0,0,0,0,0,0,0,0,0,0,0,0,0,0,0,0,0,0,0,0,0,0,0
0,,Nolan English,3.101347424,1,2,2,0,1,2,0,0,0,1,0,1,0,2,0,1,2,0,1,2,0,0,3,0
0,,,0.00368331,0.002624672,0.004319654,0.008474576,0,0.002304147,0.022988506,0,0,0,0.009259259,0,0.002314815,0,0.032786885,0,0.003424658,0.008928571,0,0.002493766,0.008474576,0,0,0.0048,0
0,,Kenny Hill,1.242742051,1,1,0,1,1,0,1,1,0,0,0,0,1,1,0,0,1,1,1,0,0,0,1,0
0,,,0.001475941,0.002624672,0.002159827,0,0.005813953,0.002304147,0,0.011235955,0.00862069,0,0,0,0,0.002857143,0.016393443,0,0,0.004464286,0.006802721,0.002493766,0,0,0,0.0016,0
0,,Rebecca L. King,2.412738261,2,1,0,0,2,0,0,0,1,0,2,2,1,0,0,1,2,0,0,1,1,1,1,1
0,,,0.002865485,0.005249344,0.002159827,0,0,0.004608295,0,0,0,0.010869565,0,0.008368201,0.00462963,0.002857143,0,0,0.003424658,0.008928571,0,0,0.004237288,0.00621118,0.009803922,0.0016,0.012048193
0,,Walter Reeves,0.269833521,0,0,0,0,0,0,0,0,0,0,0,0,0,0,0,0,0,0,0,0,0,0,0,0
0,,,0.000320467,0,0,0,0,0,0,0,0,0,0,0,0,0,0,0,0,0,0,0,0,0,0,0,0
0,,Roosevelt Searles III,1.051229226,0,1,0,0,1,0,0,0,0,0,1,1,0,0,0,0,1,0,0,0,1,1,0,0
0,,,0.001248491,0,0.002159827,0,0,0.002304147,0,0,0,0,0,0.0041841,0.002314815,0,0,0,0,0.004464286,0,0,0,0.00621118,0.009803922,0,0
0,,Richard N. Wright,1.639592061,1,1,0,1,1,0,0,1,0,0,1,0,2,0,0,1,1,0,0,0,2,1,1,0
0,,,0.001947259,0.002624672,0.002159827,0,0.005813953,0.002304147,0,0,0.00862069,0,0,0.0041841,0,0.005714286,0,0,0.003424658,0.004464286,0,0,0,0.01242236,0.009803922,0.0016,0
0,,Don't know,341.9684723,144,198,73,90,179,18,34,55,40,36,96,192,124,26,71,121,73,64,190,82,53,33,256,37
0,,,0.406138328,0.377952756,0.427645788,0.309322034,0.523255814,0.412442396,0.206896552,0.382022472,0.474137931,0.434782609,0.333333333,0.40167364,0.444444444,0.354285714,0.426229508,0.470198675,0.414383562,0.325892857,0.43537415,0.473815461,0.347457627,0.329192547,0.323529412,0.4096,0.445783133
1,"In your opinion, which of the following is the most pressing issue currently facing the City of Atlanta? ",Crime,367.5888002,186,181,80,63,223,16,32,62,39,42,132,210,139,19,46,124,109,69,135,129,91,81,233,39
1,,,0.436566271,0.488188976,0.392624729,0.340425532,0.372781065,0.513824885,0.181818182,0.363636364,0.534482759,0.428571429,0.388888889,0.559322034,0.486111111,0.396011396,0.31147541,0.304635762,0.424657534,0.490990991,0.469387755,0.335820896,0.544303797,0.561728395,0.794117647,0.372204473,0.481481481
1,,Increasing affordable housing,145.6204484,62,83,48,26,71,27,15,13,17,29,40,69,66,11,34,72,25,14,96,32,9,3,127,14
1,,,0.172945901,0.162729659,0.180043384,0.204255319,0.153846154,0.16359447,0.306818182,0.170454545,0.112068966,0.186813187,0.268518519,0.169491525,0.159722222,0.188034188,0.180327869,0.225165563,0.246575342,0.112612613,0.095238095,0.23880597,0.135021097,0.055555556,0.029411765,0.202875399,0.172839506
1,,Corruption at City Hall,32.39110165,22,11,7,7,18,1,3,0,3,3,11,14,11,7,9,9,4,8,10,7,16,7,18,3
1,,,0.038469242,0.057742782,0.023861171,0.029787234,0.041420118,0.041474654,0.011363636,0.034090909,0,0.032967033,0.027777778,0.046610169,0.032407407,0.031339031,0.114754098,0.059602649,0.030821918,0.018018018,0.054421769,0.024875622,0.029535865,0.098765432,0.068627451,0.028753994,0.037037037
1,,Income inequality ,60.56709669,24,37,5,16,39,4,8,10,15,9,12,44,12,5,10,30,14,6,52,7,1,1,53,6
1,,,0.071932419,0.062992126,0.080260304,0.021276596,0.094674556,0.089861751,0.045454545,0.090909091,0.086206897,0.164835165,0.083333333,0.050847458,0.101851852,0.034188034,0.081967213,0.066225166,0.102739726,0.063063063,0.040816327,0.129353234,0.029535865,0.00617284,0.009803922,0.084664537,0.074074074
1,,Traffic congestion,31.74542772,14,18,15,5,12,9,2,9,2,5,2,12,19,1,13,6,6,7,15,4,12,1,28,2
1,,,0.037702408,0.036745407,0.039045553,0.063829787,0.029585799,0.02764977,0.102272727,0.022727273,0.077586207,0.021978022,0.046296296,0.008474576,0.027777778,0.054131054,0.016393443,0.086092715,0.020547945,0.027027027,0.047619048,0.037313433,0.016877637,0.074074074,0.009803922,0.044728435,0.024691358
1,,The Coronavirus pandemic,116.1754465,40,77,45,29,42,28,11,15,11,12,21,48,55,13,33,27,32,19,58,34,14,8,93,13
1,,,0.13797559,0.104986877,0.1670282,0.191489362,0.171597633,0.096774194,0.318181818,0.125,0.129310345,0.120879121,0.111111111,0.088983051,0.111111111,0.156695157,0.213114754,0.218543046,0.092465753,0.144144144,0.129251701,0.144278607,0.143459916,0.086419753,0.078431373,0.1485623,0.160493827
1,,Other,49.35039627,18,31,13,12,24,2,10,4,4,5,12,16,30,4,2,20,16,11,19,13,15,1,41,4
1,,,0.058610922,0.047244094,0.067245119,0.055319149,0.071005917,0.055299539,0.022727273,0.113636364,0.034482759,0.043956044,0.046296296,0.050847458,0.037037037,0.085470085,0.06557377,0.013245033,0.068493151,0.072072072,0.074829932,0.047263682,0.054852321,0.092592593,0.009803922,0.065495208,0.049382716
1,,Don't know,38.5612826,15,23,22,11,5,1,7,3,0,3,6,19,19,1,4,4,16,13,17,11,4,0,33,0
1,,,0.045797248,0.039370079,0.04989154,0.093617021,0.065088757,0.011520737,0.011363636,0.079545455,0.025862069,0,0.027777778,0.025423729,0.043981481,0.054131054,0.016393443,0.026490066,0.01369863,0.072072072,0.088435374,0.042288557,0.046413502,0.024691358,0,0.052715655,0
2,"All in all, do you think things in the City of Atlanta are generally headed in the right direction, or do you think things are off on the wrong track?",Right direction,270.7093569,134,136,56,60,153,14,28,34,41,48,75,134,117,20,63,100,53,47,170,57,33,12,223,25
2,,,0.32150755,0.351706037,0.295010846,0.237288136,0.352941176,0.352534562,0.16091954,0.314606742,0.293103448,0.445652174,0.444444444,0.31512605,0.310904872,0.332386364,0.333333333,0.417218543,0.342465753,0.237668161,0.319727891,0.422885572,0.241525424,0.203703704,0.118811881,0.355661882,0.308641975
2,,Wrong track,447.394749,209,239,132,84,231,56,44,63,38,42,144,246,168,34,79,160,130,60,171,148,109,85,292,50
2,,,0.531347683,0.54855643,0.518438178,0.559322034,0.494117647,0.532258065,0.643678161,0.494382022,0.543103448,0.413043478,0.388888889,0.605042017,0.570765661,0.477272727,0.566666667,0.523178808,0.547945205,0.582959641,0.408163265,0.425373134,0.627118644,0.672839506,0.841584158,0.465709729,0.617283951
2,,Mixed,80.36520842,28,52,31,10,39,12,8,12,11,14,11,34,42,4,6,28,19,27,38,22,17,4,70,6
2,,,0.095445616,0.073490814,0.112798265,0.131355932,0.058823529,0.089861751,0.137931034,0.08988764,0.103448276,0.119565217,0.12962963,0.046218487,0.078886311,0.119318182,0.066666667,0.039735099,0.095890411,0.085201794,0.183673469,0.094527363,0.093220339,0.104938272,0.03960396,0.111642743,0.074074074
2,,Don't know,43.53068566,10,34,17,16,11,5,9,7,2,4,8,17,25,2,3,4,21,13,23,9,3,0,42,0
2,,,0.051699152,0.026246719,0.073752711,0.072033898,0.094117647,0.025345622,0.057471264,0.101123596,0.060344828,0.02173913,0.037037037,0.033613445,0.039443155,0.071022727,0.033333333,0.01986755,0.01369863,0.094170404,0.088435374,0.05721393,0.038135593,0.018518519,0,0.066985646,0
3,"Do you think the City of Atlanta is generally headed in the right direction, or do you think things are off on the wrong track in terms of affordable housing?",Right direction,174.3506854,102,73,34,39,101,2,22,25,16,27,58,102,64,8,41,44,48,34,88,42,44,32,119,13
3,,,0.207067322,0.267716535,0.158008658,0.144067797,0.229411765,0.232718894,0.023255814,0.25,0.217391304,0.172043011,0.25,0.243697479,0.236658933,0.182336182,0.133333333,0.269736842,0.151202749,0.215246637,0.231292517,0.218905473,0.177966102,0.273291925,0.31372549,0.190095847,0.156626506
3,,Wrong track,467.2533676,187,280,128,105,233,63,44,72,59,53,122,206,218,44,70,194,116,72,223,144,72,35,372,48
3,,,0.554932741,0.490813648,0.606060606,0.542372881,0.617647059,0.536866359,0.73255814,0.5,0.626086957,0.634408602,0.490740741,0.512605042,0.477958237,0.621082621,0.733333333,0.460526316,0.666666667,0.520179372,0.489795918,0.554726368,0.610169492,0.447204969,0.343137255,0.594249201,0.578313253
3,,Mixed,70.50420644,44,27,44,1,25,16,5,5,8,18,14,42,26,2,16,29,12,13,42,13,15,6,56,4
3,,,0.083734212,0.115485564,0.058441558,0.186440678,0.005882353,0.057603687,0.186046512,0.056818182,0.043478261,0.086021505,0.166666667,0.058823529,0.097447796,0.074074074,0.033333333,0.105263158,0.099656357,0.053811659,0.088435374,0.104477612,0.055084746,0.093167702,0.058823529,0.089456869,0.048192771
3,,Don't know,129.8917406,48,82,30,25,75,5,17,13,10,10,44,81,43,6,25,24,47,28,49,37,30,29,79,18
3,,,0.154265725,0.125984252,0.177489177,0.127118644,0.147058824,0.17281106,0.058139535,0.193181818,0.113043478,0.107526882,0.092592593,0.18487395,0.187935035,0.122507123,0.1,0.164473684,0.082474227,0.210762332,0.19047619,0.121890547,0.156779661,0.186335404,0.284313725,0.126198083,0.21686747
4,"Do you think the City of Atlanta is generally headed in the right direction, or do you think things are off on the wrong track in terms of solving traffic congestion?",Right direction,205.3762502,106,100,56,51,98,8,25,30,28,39,50,97,85,24,57,52,53,34,93,72,36,31,146,23
4,,,0.243914786,0.277486911,0.216450216,0.237288136,0.3,0.225806452,0.091954023,0.280898876,0.260869565,0.301075269,0.361111111,0.210084034,0.225058005,0.241477273,0.4,0.38,0.178694158,0.237668161,0.22972973,0.231343284,0.305084746,0.222222222,0.306930693,0.233226837,0.280487805
4,,Wrong track,505.4738919,214,292,142,93,270,60,50,75,51,56,149,254,225,27,82,199,126,81,243,132,105,59,383,44
4,,,0.600325287,0.560209424,0.632034632,0.601694915,0.547058824,0.622119816,0.689655172,0.561797753,0.652173913,0.548387097,0.518518519,0.62605042,0.589327146,0.639204545,0.45,0.546666667,0.683848797,0.565022422,0.547297297,0.604477612,0.559322034,0.648148148,0.584158416,0.611821086,0.536585366
4,,Mixed,63.52590341,41,23,24,10,29,12,6,6,8,5,17,43,18,2,7,29,15,11,36,14,8,4,49,4
4,,,0.075446441,0.107329843,0.04978355,0.101694915,0.058823529,0.066820276,0.137931034,0.06741573,0.052173913,0.086021505,0.046296296,0.071428571,0.099767981,0.051136364,0.033333333,0.046666667,0.099656357,0.067264574,0.074324324,0.089552239,0.059322034,0.049382716,0.03960396,0.07827476,0.048780488
4,,Don't know,67.62395457,21,47,14,16,37,7,8,4,6,8,22,37,24,7,4,11,29,22,30,18,13,7,48,11
4,,,0.080313485,0.054973822,0.101731602,0.059322034,0.094117647,0.085253456,0.08045977,0.08988764,0.034782609,0.064516129,0.074074074,0.092436975,0.085846868,0.068181818,0.116666667,0.026666667,0.037800687,0.130044843,0.148648649,0.074626866,0.076271186,0.080246914,0.069306931,0.076677316,0.134146341
5,"Do you think the City of Atlanta is generally headed in the right direction, or do you think things are off on the wrong track in terms of dealing with crime?",Right direction,131.9534192,56,76,36,30,66,11,17,24,15,26,29,61,60,11,23,56,21,28,78,33,14,6,113,11
5,,,0.156714275,0.146981627,0.165217391,0.152542373,0.175438596,0.152073733,0.127906977,0.191011236,0.206896552,0.163043478,0.240740741,0.121338912,0.141531323,0.170940171,0.186440678,0.151315789,0.192439863,0.094170404,0.189189189,0.194029851,0.139830508,0.086956522,0.059405941,0.180511182,0.13253012
5,,Wrong track,591.0216631,274,317,163,115,312,54,53,82,61,67,192,317,234,40,119,196,172,86,248,184,138,94,408,61
5,,,0.701925966,0.719160105,0.689130435,0.690677966,0.67251462,0.718894009,0.627906977,0.595505618,0.706896552,0.663043478,0.62037037,0.80334728,0.73549884,0.666666667,0.677966102,0.782894737,0.673539519,0.771300448,0.581081081,0.616915423,0.779661017,0.857142857,0.930693069,0.651757188,0.734939759
5,,Mixed,59.82350484,24,35,30,7,23,16,12,3,8,6,7,24,33,2,1,18,12,25,36,8,5,1,52,6
5,,,0.071049293,0.062992126,0.076086957,0.127118644,0.040935673,0.052995392,0.186046512,0.134831461,0.025862069,0.086956522,0.055555556,0.029288703,0.055684455,0.094017094,0.033898305,0.006578947,0.06185567,0.053811659,0.168918919,0.089552239,0.033898305,0.031055901,0.00990099,0.083067093,0.072289157
5,,Don't know,59.20141281,27,32,7,19,33,5,7,7,8,9,11,29,24,6,9,21,18,9,40,11,4,0,53,5
5,,,0.070310467,0.070866142,0.069565217,0.029661017,0.111111111,0.076036866,0.058139535,0.078651685,0.060344828,0.086956522,0.083333333,0.046025105,0.067285383,0.068376068,0.101694915,0.059210526,0.072164948,0.080717489,0.060810811,0.099502488,0.046610169,0.02484472,0,0.084664537,0.060240964
6,"Do you think the City of Atlanta is generally headed in the right direction, or do you think things are off on the wrong track in terms of managing the coronavirus pandemic?",Right direction,430.7419572,199,232,94,65,270,22,37,50,51,76,157,266,140,25,67,161,116,76,229,116,73,52,330,38
6,,,0.51157002,0.523684211,0.502164502,0.4,0.382352941,0.623556582,0.255813953,0.420454545,0.434782609,0.554347826,0.710280374,0.659663866,0.617169374,0.398860399,0.416666667,0.440789474,0.553264605,0.522522523,0.520547945,0.569651741,0.491525424,0.453416149,0.509803922,0.52715655,0.457831325
6,,Wrong track,303.883788,134,170,110,79,113,57,35,50,32,24,53,108,166,29,74,106,64,46,129,84,72,30,226,34
6,,,0.360907112,0.352631579,0.367965368,0.468085106,0.464705882,0.260969977,0.662790698,0.397727273,0.434782609,0.347826087,0.224299065,0.222689076,0.250580046,0.472934473,0.483333333,0.486842105,0.364261168,0.288288288,0.315068493,0.320895522,0.355932203,0.447204969,0.294117647,0.361022364,0.409638554
6,,Mixed,44.99147328,18,27,9,12,24,3,7,8,6,2,7,21,18,6,6,11,16,10,15,22,6,7,27,6
6,,,0.053434054,0.047368421,0.058441558,0.038297872,0.070588235,0.055427252,0.034883721,0.079545455,0.069565217,0.065217391,0.018691589,0.029411765,0.048723898,0.051282051,0.1,0.039473684,0.037800687,0.072072072,0.068493151,0.037313433,0.093220339,0.037267081,0.068627451,0.04313099,0.072289157
6,,Don't know,62.38278145,29,33,22,14,26,4,9,7,3,5,21,36,27,0,5,13,26,14,29,14,10,13,43,5
6,,,0.074088814,0.076315789,0.071428571,0.093617021,0.082352941,0.060046189,0.046511628,0.102272727,0.060869565,0.032608696,0.046728972,0.088235294,0.083526682,0.076923077,0,0.032894737,0.04467354,0.117117117,0.095890411,0.072139303,0.059322034,0.062111801,0.12745098,0.068690096,0.060240964
7,How would you rate the Atlanta Police Department’s response to the rise in violent crime in the City?,Excellent,27.48209242,6,22,8,2,17,0,1,4,5,2,6,16,9,2,2,5,7,11,6,12,8,7,14,6
7,,,0.032639065,0.015706806,0.047619048,0.034042553,0.011764706,0.039170507,0,0.011363636,0.034482759,0.053763441,0.018867925,0.025210084,0.037296037,0.025641026,0.033333333,0.013245033,0.017182131,0.031531532,0.074829932,0.014888337,0.05106383,0.049382716,0.069306931,0.022364217,0.073170732
7,,Good,160.5144753,71,90,53,27,80,18,22,18,13,34,39,83,66,11,18,49,45,46,81,45,28,25,117,15
7,,,0.190634769,0.185863874,0.194805195,0.225531915,0.158823529,0.184331797,0.209302326,0.25,0.155172414,0.139784946,0.320754717,0.163865546,0.193473193,0.188034188,0.183333333,0.119205298,0.16838488,0.202702703,0.31292517,0.200992556,0.191489362,0.172839506,0.247524752,0.186900958,0.182926829
7,,Fair ,350.3789591,161,190,111,53,184,39,38,50,44,40,102,164,157,29,59,123,92,59,185,92,57,31,274,29
7,,,0.41612703,0.421465969,0.411255411,0.472340426,0.311764706,0.423963134,0.453488372,0.431818182,0.431034483,0.47311828,0.377358491,0.428571429,0.382284382,0.447293447,0.483333333,0.390728477,0.422680412,0.414414414,0.401360544,0.459057072,0.391489362,0.351851852,0.306930693,0.437699681,0.353658537
7,,Poor,259.3695414,126,133,58,74,128,26,23,40,24,24,78,141,102,16,69,99,60,28,107,77,62,34,184,29
7,,,0.308039835,0.329842932,0.287878788,0.246808511,0.435294118,0.294930876,0.302325581,0.261363636,0.344827586,0.258064516,0.226415094,0.327731092,0.328671329,0.290598291,0.266666667,0.456953642,0.340206186,0.27027027,0.19047619,0.265508685,0.327659574,0.382716049,0.336633663,0.293929712,0.353658537
7,,Don't know,44.25493179,18,27,5,14,25,3,4,4,7,6,13,25,17,2,3,15,18,3,24,9,7,4,37,3
7,,,0.052559301,0.047120419,0.058441558,0.021276596,0.082352941,0.057603687,0.034883721,0.045454545,0.034482759,0.075268817,0.056603774,0.054621849,0.058275058,0.048433048,0.033333333,0.01986755,0.051546392,0.081081081,0.020408163,0.05955335,0.038297872,0.043209877,0.03960396,0.059105431,0.036585366
8,"There has been some talk of allowing the Buckhead area of Atlanta to withdraw from the City of Atlanta to become its own separate, independent city. Do you support or oppose this effort? ",Strongly support,124.4457006,59,65,42,24,59,29,9,17,11,10,34,60,58,7,34,38,34,11,25,57,39,37,61,15
8,,,0.147797744,0.154855643,0.140997831,0.178723404,0.139534884,0.1359447,0.333333333,0.101123596,0.146551724,0.119565217,0.093457944,0.142259414,0.139534884,0.165242165,0.114754098,0.223684211,0.131034483,0.153153153,0.074324324,0.062034739,0.241525424,0.240740741,0.362745098,0.097288676,0.182926829
8,,Somewhat support,116.8605093,60,57,34,24,59,14,14,17,9,20,29,75,31,11,44,26,34,11,55,36,23,20,78,17
8,,,0.138789203,0.157480315,0.123644252,0.144680851,0.139534884,0.1359447,0.16091954,0.157303371,0.146551724,0.097826087,0.186915888,0.121338912,0.174418605,0.088319088,0.180327869,0.289473684,0.089655172,0.153153153,0.074324324,0.136476427,0.152542373,0.141975309,0.196078431,0.124401914,0.207317073
8,,Somewhat oppose,120.2965738,37,83,32,24,64,14,11,27,20,16,25,53,59,8,19,50,24,25,56,34,29,19,91,8
8,,,0.14287004,0.097112861,0.180043384,0.136170213,0.139534884,0.147465438,0.16091954,0.123595506,0.232758621,0.217391304,0.14953271,0.10460251,0.123255814,0.168091168,0.131147541,0.125,0.172413793,0.108108108,0.168918919,0.138957816,0.144067797,0.179012346,0.18627451,0.145135566,0.097560976
8,,Strongly oppose,368.8743544,184,185,93,67,207,25,35,44,41,54,128,195,150,24,29,137,110,78,232,73,49,18,323,22
8,,,0.438093058,0.482939633,0.401301518,0.395744681,0.389534884,0.476958525,0.287356322,0.393258427,0.379310345,0.445652174,0.504672897,0.535564854,0.453488372,0.427350427,0.393442623,0.190789474,0.472413793,0.495495495,0.527027027,0.575682382,0.309322034,0.302469136,0.176470588,0.515151515,0.268292683
8,,Don’t know,111.5228618,41,71,34,33,45,5,20,11,11,7,23,47,53,11,26,39,20,23,35,36,22,8,74,20
8,,,0.132449955,0.107611549,0.154013015,0.144680851,0.191860465,0.103686636,0.057471264,0.224719101,0.094827586,0.119565217,0.065420561,0.09623431,0.109302326,0.150997151,0.180327869,0.171052632,0.134482759,0.09009009,0.155405405,0.086848635,0.152542373,0.135802469,0.078431373,0.118022329,0.243902439
9,"Regardless how you feel about Buckhead becoming an independent city, what do you think the motivation is behind this effort? ",Crime,278.4747492,119,159,66,58,154,16,27,40,36,33,84,148,118,13,41,85,82,56,103,97,68,57,178,31
9,,,0.330730106,0.312335958,0.344155844,0.280851064,0.341176471,0.355658199,0.183908046,0.306818182,0.344827586,0.391304348,0.305555556,0.351464435,0.342592593,0.336182336,0.216666667,0.271523179,0.29209622,0.367713004,0.383561644,0.256218905,0.411016949,0.419753086,0.564356436,0.283891547,0.37804878
9,,Race,174.8803033,74,101,49,35,90,25,15,29,16,25,51,87,71,17,26,64,48,32,108,35,23,4,158,10
9,,,0.207696322,0.194225722,0.218614719,0.208510638,0.205882353,0.207852194,0.287356322,0.170454545,0.25,0.173913043,0.231481481,0.213389121,0.201388889,0.202279202,0.283333333,0.17218543,0.219931271,0.215246637,0.219178082,0.268656716,0.148305085,0.141975309,0.03960396,0.25199362,0.12195122
9,,Taxes,114.3305629,78,37,29,34,51,5,16,21,11,15,31,72,35,7,25,49,26,10,65,25,19,11,88,10
9,,,0.135784517,0.204724409,0.08008658,0.123404255,0.2,0.11778291,0.057471264,0.181818182,0.181034483,0.119565217,0.138888889,0.129707113,0.166666667,0.0997151,0.116666667,0.165562914,0.16838488,0.116591928,0.068493151,0.161691542,0.105932203,0.117283951,0.108910891,0.140350877,0.12195122
9,,City services,25.91777775,9,17,8,1,16,6,3,1,2,3,11,12,12,2,3,11,9,3,11,7,8,10,14,2
9,,,0.030781209,0.023622047,0.036796537,0.034042553,0.005882353,0.036951501,0.068965517,0.034090909,0.00862069,0.02173913,0.027777778,0.046025105,0.027777778,0.034188034,0.033333333,0.01986755,0.037800687,0.040358744,0.020547945,0.027363184,0.029661017,0.049382716,0.099009901,0.022328549,0.024390244
9,,Planning and zoning,55.45861199,24,32,26,8,21,12,4,4,3,16,9,25,26,5,28,15,7,5,32,15,7,3,51,1
9,,,0.065865335,0.062992126,0.069264069,0.110638298,0.047058824,0.048498845,0.137931034,0.045454545,0.034482759,0.032608696,0.148148148,0.037656904,0.05787037,0.074074074,0.083333333,0.185430464,0.051546392,0.031390135,0.034246575,0.07960199,0.063559322,0.043209877,0.02970297,0.081339713,0.012195122
9,,Multiple reasons,153.6012414,60,94,39,30,84,18,21,17,15,15,42,75,71,8,17,60,41,29,70,49,27,14,109,22
9,,,0.182424277,0.157480315,0.203463203,0.165957447,0.176470588,0.193995381,0.206896552,0.238636364,0.146551724,0.163043478,0.138888889,0.175732218,0.173611111,0.202279202,0.133333333,0.112582781,0.206185567,0.183856502,0.198630137,0.174129353,0.207627119,0.166666667,0.138613861,0.1738437,0.268292683
9,,Don’t know,39.3367534,17,22,18,4,17,5,2,4,9,1,11,13,18,8,11,7,10,11,13,8,10,2,29,6
9,,,0.046718234,0.044619423,0.047619048,0.076595745,0.023529412,0.03926097,0.057471264,0.022727273,0.034482759,0.097826087,0.009259259,0.046025105,0.030092593,0.051282051,0.133333333,0.072847682,0.024054983,0.044843049,0.075342466,0.032338308,0.033898305,0.061728395,0.01980198,0.046251994,0.073170732
10,Do you  approve or disapprove of the way Keisha Lance Bottoms is handling her job as the current mayor of Atlanta? ,Strongly approve,227.4678673,93,134,81,53,92,22,44,36,21,38,42,73,134,20,38,71,68,43,107,55,51,15,190,11
10,,,0.270151861,0.243455497,0.29004329,0.343220339,0.313609467,0.212471132,0.252873563,0.494382022,0.310344828,0.225806452,0.355140187,0.175732218,0.169767442,0.381766382,0.327868852,0.25,0.242320819,0.304932735,0.292517007,0.266832918,0.233050847,0.316770186,0.148514851,0.303514377,0.13253012
10,,Somewhat approve,250.4646827,106,145,69,53,128,32,24,32,38,27,64,128,108,14,32,97,55,59,157,53,23,4,217,20
10,,,0.297463994,0.277486911,0.313852814,0.292372881,0.313609467,0.295612009,0.367816092,0.269662921,0.275862069,0.408602151,0.252336449,0.267782427,0.297674419,0.307692308,0.229508197,0.210526316,0.33105802,0.246636771,0.401360544,0.391521197,0.224576271,0.142857143,0.03960396,0.346645367,0.240963855
10,,Somewhat disapprove,113.1506342,58,56,26,15,71,9,5,16,15,20,40,70,31,12,25,48,22,16,63,34,13,19,73,20
10,,,0.134383176,0.151832461,0.121212121,0.110169492,0.088757396,0.163972286,0.103448276,0.056179775,0.137931034,0.161290323,0.186915888,0.167364017,0.162790698,0.088319088,0.196721311,0.164473684,0.163822526,0.098654709,0.108843537,0.157107232,0.144067797,0.080745342,0.188118812,0.116613419,0.240963855
10,,Strongly disapprove,214.5217886,111,104,58,33,123,23,12,27,16,19,89,143,61,11,45,68,68,23,59,79,72,62,122,25
10,,,0.254776471,0.290575916,0.225108225,0.245762712,0.195266272,0.284064665,0.264367816,0.134831461,0.232758621,0.172043011,0.177570093,0.372384937,0.33255814,0.173789174,0.180327869,0.296052632,0.232081911,0.304932735,0.156462585,0.14713217,0.334745763,0.447204969,0.613861386,0.194888179,0.301204819
10,,Don’t know,36.39502724,14,23,2,15,19,1,4,5,3,3,4,16,17,4,12,9,10,6,15,15,2,1,24,7
10,,,0.043224498,0.036649215,0.04978355,0.008474576,0.088757396,0.043879908,0.011494253,0.04494382,0.043103448,0.032258065,0.028037383,0.016736402,0.037209302,0.048433048,0.06557377,0.078947368,0.030716724,0.044843049,0.040816327,0.037406484,0.063559322,0.01242236,0.00990099,0.038338658,0.084337349
11,Do you have a favorable or unfavorable impression of Antonio Brown?,Favorable ,166.1182926,82,84,62,35,69,18,26,26,21,33,34,72,82,12,51,71,26,17,77,47,32,13,131,15
11,,,0.197290134,0.215223097,0.182212581,0.262711864,0.205882353,0.158986175,0.206896552,0.292134831,0.226086957,0.22826087,0.308411215,0.142259414,0.167053364,0.233618234,0.2,0.337748344,0.243986254,0.116591928,0.115646259,0.191542289,0.2,0.198757764,0.128712871,0.209265176,0.180722892
11,,Unfavorable,147.5619928,80,68,48,17,82,12,12,24,17,15,52,69,70,9,19,50,41,28,54,61,27,29,99,14
11,,,0.175251773,0.209973753,0.147505423,0.203389831,0.1,0.188940092,0.137931034,0.134831461,0.208695652,0.184782609,0.140186916,0.217573222,0.160092807,0.199430199,0.15,0.125827815,0.171821306,0.183856502,0.19047619,0.134328358,0.259574468,0.167701863,0.287128713,0.158146965,0.168674699
11,,Don't know ,528.3197146,219,309,126,118,283,57,51,65,54,59,153,290,199,39,81,170,156,102,271,127,102,59,396,54
11,,,0.627458093,0.57480315,0.670281996,0.533898305,0.694117647,0.652073733,0.655172414,0.573033708,0.565217391,0.586956522,0.551401869,0.640167364,0.672853828,0.566951567,0.65,0.536423841,0.58419244,0.69955157,0.693877551,0.674129353,0.540425532,0.633540373,0.584158416,0.632587859,0.65060241
12,Do you have a favorable or unfavorable impression of Andre Dickens?,Favorable ,168.6236861,97,72,44,29,96,6,23,27,26,21,51,69,87,13,23,71,44,23,79,58,26,11,131,21
12,,,0.20026566,0.253926702,0.156182213,0.186440678,0.170588235,0.221198157,0.068965517,0.258426966,0.234782609,0.282608696,0.194444444,0.214285714,0.160092807,0.247159091,0.216666667,0.152317881,0.244827586,0.197309417,0.155405405,0.196517413,0.245762712,0.160493827,0.108910891,0.2096,0.253012048
12,,Unfavorable,64.66244274,28,37,17,10,37,0,6,15,5,9,20,22,39,4,6,20,20,18,15,24,22,14,39,6
12,,,0.07679625,0.073298429,0.080260304,0.072033898,0.058823529,0.085253456,0,0.06741573,0.130434783,0.054347826,0.083333333,0.084033613,0.051044084,0.110795455,0.066666667,0.039735099,0.068965517,0.089686099,0.121621622,0.037313433,0.101694915,0.135802469,0.138613861,0.0624,0.072289157
12,,Don't know ,608.7138712,257,352,175,131,301,81,60,73,61,78,167,340,226,43,122,199,159,107,308,154,114,76,455,56
12,,,0.722938089,0.672774869,0.763557484,0.741525424,0.770588235,0.693548387,0.931034483,0.674157303,0.634782609,0.663043478,0.722222222,0.701680672,0.788863109,0.642045455,0.716666667,0.80794702,0.686206897,0.713004484,0.722972973,0.766169154,0.652542373,0.703703704,0.752475248,0.728,0.674698795
13,Do you have a favorable or unfavorable impression of Sharon Gay?,Favorable ,200.5515947,108,93,55,38,107,10,22,31,28,20,67,111,76,14,28,62,60,41,90,60,47,28,145,19
13,,,0.238184792,0.283464567,0.201735358,0.233050847,0.223529412,0.246543779,0.114942529,0.25,0.267241379,0.301075269,0.185185185,0.281512605,0.257540603,0.216524217,0.229508197,0.185430464,0.213058419,0.269058296,0.277027027,0.223880597,0.254237288,0.291925466,0.277227723,0.231629393,0.231707317
13,,Unfavorable,93.66547553,41,52,23,19,52,5,11,15,13,12,29,42,44,8,14,29,27,20,41,29,18,18,71,3
13,,,0.111241657,0.107611549,0.112798265,0.097457627,0.111764706,0.119815668,0.057471264,0.125,0.129310345,0.139784946,0.111111111,0.121848739,0.097447796,0.125356125,0.131147541,0.092715232,0.099656357,0.121076233,0.135135135,0.10199005,0.122881356,0.111801242,0.178217822,0.11341853,0.036585366
13,,Don't know ,547.7829297,232,316,158,113,275,72,55,70,52,76,142,278,231,39,109,200,136,87,271,147,96,55,410,60
13,,,0.650573551,0.608923885,0.685466377,0.669491525,0.664705882,0.633640553,0.827586207,0.625,0.603448276,0.559139785,0.703703704,0.596638655,0.645011601,0.658119658,0.639344262,0.721854305,0.687285223,0.609865471,0.587837838,0.674129353,0.622881356,0.596273292,0.544554455,0.654952077,0.731707317
14,Do you have a favorable or unfavorable impression of Felicia Moore?,Favorable ,370.7198184,179,192,105,65,199,30,32,52,42,56,111,209,142,20,80,94,119,71,173,108,83,53,279,34
14,,,0.44028482,0.469816273,0.4164859,0.446808511,0.382352941,0.458525346,0.340909091,0.359550562,0.452173913,0.451612903,0.518518519,0.466386555,0.486046512,0.403409091,0.327868852,0.526315789,0.321917808,0.533632287,0.482993197,0.430348259,0.457627119,0.512345679,0.519607843,0.445686901,0.414634146
14,,Unfavorable,84.80319977,40,44,33,18,34,13,15,18,4,5,23,35,44,6,7,43,23,8,36,31,13,12,62,7
14,,,0.100716389,0.104986877,0.095444685,0.140425532,0.105882353,0.078341014,0.147727273,0.168539326,0.156521739,0.043010753,0.046296296,0.096638655,0.081395349,0.125,0.098360656,0.046052632,0.147260274,0.103139013,0.054421769,0.089552239,0.131355932,0.080246914,0.117647059,0.099041534,0.085365854
14,,Don't know ,386.4769818,162,225,97,87,201,45,42,45,47,47,104,186,166,35,65,155,81,68,193,97,66,37,285,41
14,,,0.458998791,0.42519685,0.488069414,0.412765957,0.511764706,0.463133641,0.511363636,0.471910112,0.391304348,0.505376344,0.435185185,0.43697479,0.43255814,0.471590909,0.573770492,0.427631579,0.530821918,0.3632287,0.462585034,0.480099502,0.411016949,0.407407407,0.362745098,0.455271565,0.5
15,Do you have a favorable or unfavorable impression of Kasim Reed,Favorable ,283.2485027,116,167,113,64,105,40,43,44,28,31,64,77,192,14,40,102,85,47,96,83,87,33,224,12
15,,,0.336399647,0.304461942,0.362255965,0.478813559,0.376470588,0.241935484,0.459770115,0.483146067,0.379310345,0.301075269,0.289719626,0.267782427,0.178654292,0.545454545,0.233333333,0.263157895,0.349315068,0.381165919,0.319727891,0.239401496,0.351694915,0.540372671,0.326732673,0.357827476,0.144578313
15,,Unfavorable,369.8420871,180,190,80,63,227,23,24,46,46,51,132,237,103,31,47,130,108,72,198,112,52,49,260,52
15,,,0.439242384,0.472440945,0.412147505,0.338983051,0.370588235,0.523041475,0.264367816,0.269662921,0.396551724,0.494623656,0.476635514,0.552301255,0.549883991,0.292613636,0.516666667,0.309210526,0.445205479,0.484304933,0.489795918,0.493765586,0.474576271,0.322981366,0.485148515,0.415335463,0.626506024
15,,Don't know ,188.9094102,85,104,43,43,102,24,22,26,19,25,43,117,57,15,65,60,30,28,107,41,22,19,142,19
15,,,0.224357969,0.223097113,0.225596529,0.18220339,0.252941176,0.235023041,0.275862069,0.247191011,0.224137931,0.204301075,0.23364486,0.179916318,0.271461717,0.161931818,0.25,0.427631579,0.205479452,0.134529148,0.19047619,0.266832918,0.173728814,0.136645963,0.188118812,0.226837061,0.228915663
16,"Kasim Reed was mayor of Atlanta from 2010 to 2018 and is currently running for mayor again this November. In an ongoing federal investigation, a number of officials from his previous mayoral administration have been indicted on corruption charges. Does this fact make you less likely to vote for Kasim Reed as mayor, or does it have no effect on your vote?",Less likely,515.0070459,245,270,88,112,314,21,40,69,62,83,176,364,118,33,103,184,138,76,292,138,76,66,366,66
16,,,0.611647323,0.643044619,0.585683297,0.374468085,0.658823529,0.723502304,0.24137931,0.454545455,0.6,0.666666667,0.768518519,0.739495798,0.844547564,0.335227273,0.55,0.677631579,0.632302405,0.618834081,0.517006803,0.726368159,0.584745763,0.472049689,0.653465347,0.584664537,0.804878049
16,,No effect,283.5161835,122,161,125,49,108,52,48,43,26,24,58,62,203,19,39,93,79,60,98,80,78,33,222,15
16,,,0.336717558,0.320209974,0.349240781,0.531914894,0.288235294,0.248847926,0.597701149,0.545454545,0.373913043,0.279569892,0.222222222,0.243697479,0.143851508,0.576704545,0.316666667,0.256578947,0.319587629,0.35426009,0.408163265,0.243781095,0.338983051,0.48447205,0.326732673,0.354632588,0.182926829
16,,Don't know ,43.47677059,14,30,22,9,12,14,0,3,5,1,4,5,31,8,10,14,6,11,12,18,7,2,38,1
16,,,0.051635119,0.036745407,0.065075922,0.093617021,0.052941176,0.02764977,0.16091954,0,0.026086957,0.053763441,0.009259259,0.016806723,0.011600928,0.088068182,0.133333333,0.065789474,0.048109966,0.02690583,0.074829932,0.029850746,0.076271186,0.043478261,0.01980198,0.060702875,0.012195122